Mutation, VespaG
G0A,-1.3652395009994507
G0C,-1.8581664562225342
G0D,-1.5285427570343018
G0E,-1.5515782833099365
G0F,-2.1510119438171387
G0H,-1.8034309148788452
G0I,-1.716099500656128
G0K,-1.7736389636993408
G0L,-1.4613938331604004
G0M,-1.8814895153045654
G0N,-1.662535548210144
G0P,-1.7063558101654053
G0Q,-1.6336705684661865
G0R,-1.7958537340164185
G0S,-1.3196263313293457
G0T,-1.5151076316833496
G0V,-1.5079296827316284
G0W,-2.4145023822784424
G0Y,-2.2211692333221436
A1C,-1.2458418607711792
A1D,-0.9911295771598816
A1E,-0.9407668709754944
A1F,-1.7300448417663574
A1G,-1.1130298376083374
A1H,-1.2817975282669067
A1I,-1.176061987876892
A1K,-1.3000504970550537
A1L,-1.0877376794815063
A1M,-1.3777738809585571
A1N,-1.045276165008545
A1P,-0.9255090355873108
A1Q,-1.0658764839172363
A1R,-1.4033048152923584
A1S,-0.5713819265365601
A1T,-0.5302828550338745
A1V,-0.8737025856971741
A1W,-2.0961570739746094
A1Y,-1.8352402448654175
T2A,-0.18214230239391327
T2C,-1.1034417152404785
T2D,-0.9421826004981995
T2E,-0.962784469127655
T2F,-1.7340028285980225
T2G,-1.0584383010864258
T2H,-1.26799476146698
T2I,-1.1523674726486206
T2K,-1.263767957687378
T2L,-1.1647547483444214
T2M,-1.4417531490325928
T2N,-0.8831864595413208
T2P,-0.5355162620544434
T2Q,-1.0112390518188477
T2R,-1.2806532382965088
T2S,-0.29414474964141846
T2V,-1.0251047611236572
T2W,-2.117421865463257
T2Y,-1.7757383584976196
A3C,-1.625859260559082
A3D,-1.2593541145324707
A3E,-1.2154531478881836
A3F,-2.128150701522827
A3G,-1.3815977573394775
A3H,-1.5270205736160278
A3I,-1.4079920053482056
A3K,-1.4930474758148193
A3L,-1.121968150138855
A3M,-1.6195363998413086
A3N,-1.3552767038345337
A3P,-1.1272064447402954
A3Q,-1.2125680446624756
A3R,-1.592769980430603
A3S,-0.7742394208908081
A3T,-0.7205156683921814
A3V,-1.0111192464828491
A3W,-2.5802433490753174
A3Y,-2.3103630542755127
V4A,-0.5945066809654236
V4C,-1.566831350326538
V4D,-1.1761391162872314
V4E,-1.0910450220108032
V4F,-1.9070278406143188
V4G,-1.2455635070800781
V4H,-1.4322856664657593
V4I,-1.025734782218933
V4K,-1.3788583278656006
V4L,-0.8240123987197876
V4M,-1.1487315893173218
V4N,-1.2081745862960815
V4P,-1.1620323657989502
V4Q,-1.0367923974990845
V4R,-1.5462844371795654
V4S,-0.7201356887817383
V4T,-0.6709673404693604
V4W,-2.4502780437469482
V4Y,-2.12101674079895
S5A,-1.0478293895721436
S5C,-1.981836199760437
S5D,-1.9332680702209473
S5E,-1.901986837387085
S5F,-3.469438314437866
S5G,-1.86753249168396
S5H,-2.402182102203369
S5I,-2.687284231185913
S5K,-2.4217796325683594
S5L,-2.3353095054626465
S5M,-2.831488847732544
S5N,-1.7233790159225464
S5P,-1.7620832920074463
S5Q,-2.0108516216278076
S5R,-2.382882595062256
S5T,-1.0071555376052856
S5V,-2.3525686264038086
S5W,-3.9711081981658936
S5Y,-3.5444204807281494
E6A,-1.9700061082839966
E6C,-3.299848794937134
E6D,-1.1668434143066406
E6F,-3.8059399127960205
E6G,-2.5253214836120605
E6H,-2.126284122467041
E6I,-2.875258445739746
E6K,-2.81960391998291
E6L,-2.5564558506011963
E6M,-3.0444633960723877
E6N,-1.6505619287490845
E6P,-1.9326937198638916
E6Q,-1.6527988910675049
E6R,-3.161625862121582
E6S,-2.0558972358703613
E6T,-2.2565951347351074
E6V,-2.581481456756592
E6W,-4.362903118133545
E6Y,-3.861966371536255
W7A,-5.654595851898193
W7C,-5.464905738830566
W7D,-5.729173183441162
W7E,-5.612398624420166
W7F,-3.128875970840454
W7G,-5.694916725158691
W7H,-5.703570365905762
W7I,-4.910881996154785
W7K,-5.529448986053467
W7L,-4.427350997924805
W7M,-5.121645927429199
W7N,-5.876346588134766
W7P,-5.848155975341797
W7Q,-5.689862251281738
W7R,-5.229390621185303
W7S,-5.576394557952881
W7T,-5.682094573974609
W7V,-4.968653202056885
W7Y,-3.283311367034912
T8A,-1.2104477882385254
T8C,-2.2213897705078125
T8D,-2.2883377075195312
T8E,-2.2371790409088135
T8F,-3.471341609954834
T8G,-2.7659459114074707
T8H,-2.4400177001953125
T8I,-1.839840054512024
T8K,-2.0038163661956787
T8L,-2.0469586849212646
T8M,-2.057532548904419
T8N,-1.9169468879699707
T8P,-3.449093818664551
T8Q,-2.110110282897949
T8R,-1.9516266584396362
T8S,-1.1803323030471802
T8V,-1.934106469154358
T8W,-3.8954484462738037
T8Y,-3.474794626235962
E9A,-2.958223819732666
E9C,-4.33307409286499
E9D,-2.1127567291259766
E9F,-5.265703201293945
E9G,-4.308544158935547
E9H,-3.30003023147583
E9I,-3.7334868907928467
E9K,-3.529731273651123
E9L,-3.4182534217834473
E9M,-3.8978679180145264
E9N,-3.0989227294921875
E9P,-4.08815336227417
E9Q,-2.2132670879364014
E9R,-3.8582770824432373
E9S,-3.348247766494751
E9T,-3.348160743713379
E9V,-3.3136510848999023
E9W,-5.697897434234619
E9Y,-5.362909317016602
Y10A,-2.636030912399292
Y10C,-2.8889737129211426
Y10D,-2.989975929260254
Y10E,-2.944052219390869
Y10F,-2.339904546737671
Y10G,-3.9105138778686523
Y10H,-2.1039071083068848
Y10I,-2.436955213546753
Y10K,-3.7538206577301025
Y10L,-2.204925537109375
Y10M,-2.6957144737243652
Y10N,-2.7286746501922607
Y10P,-4.156540870666504
Y10Q,-2.4724104404449463
Y10R,-3.509939670562744
Y10S,-2.6705198287963867
Y10T,-2.811922550201416
Y10V,-2.2034640312194824
Y10W,-3.279452323913574
K11A,-1.8848198652267456
K11C,-2.7872154712677
K11D,-2.3077616691589355
K11E,-1.8578029870986938
K11F,-3.5705182552337646
K11G,-3.236283540725708
K11H,-2.3932197093963623
K11I,-2.322218418121338
K11L,-2.234318971633911
K11M,-2.4525704383850098
K11N,-2.0690014362335205
K11P,-3.084834337234497
K11Q,-1.7308355569839478
K11R,-1.1734322309494019
K11S,-1.730508804321289
K11T,-1.615403413772583
K11V,-2.1973628997802734
K11W,-3.9526264667510986
K11Y,-3.680614471435547
T12A,-1.363229513168335
T12C,-2.3049488067626953
T12D,-2.949117660522461
T12E,-3.1341991424560547
T12F,-4.6194963455200195
T12G,-2.8999154567718506
T12H,-3.503448486328125
T12I,-3.381157636642456
T12K,-3.9560389518737793
T12L,-3.3343591690063477
T12M,-3.567038059234619
T12N,-2.6061623096466064
T12P,-4.485381603240967
T12Q,-3.304807186126709
T12R,-3.8941664695739746
T12S,-0.8858564496040344
T12V,-3.272966146469116
T12W,-4.836922645568848
T12Y,-4.491858005523682
A13C,-2.632380485534668
A13D,-1.334709882736206
A13E,-1.2940794229507446
A13F,-3.767512559890747
A13G,-2.1067850589752197
A13H,-2.2457282543182373
A13I,-2.749028444290161
A13K,-2.360111713409424
A13L,-2.673433780670166
A13M,-3.132486343383789
A13N,-1.68781578540802
A13P,-1.1785169839859009
A13Q,-1.6512879133224487
A13R,-2.6649837493896484
A13S,-1.1518385410308838
A13T,-1.1539759635925293
A13V,-2.1834990978240967
A13W,-4.118985652923584
A13Y,-3.9125537872314453
D14A,-3.060142993927002
D14C,-4.0723066329956055
D14E,-1.1549057960510254
D14F,-4.551996231079102
D14G,-2.877190351486206
D14H,-2.356799840927124
D14I,-4.336987495422363
D14K,-2.9912588596343994
D14L,-3.98730206489563
D14M,-4.398812294006348
D14N,-1.651865839958191
D14P,-4.541306972503662
D14Q,-1.950587511062622
D14R,-3.597881317138672
D14S,-2.874176025390625
D14T,-3.2783610820770264
D14V,-3.997006416320801
D14W,-4.972236156463623
D14Y,-4.328823089599609
G15A,-4.276180267333984
G15C,-5.010247230529785
G15D,-3.55031681060791
G15E,-3.932600498199463
G15F,-6.1198859214782715
G15H,-4.530941963195801
G15I,-6.256867408752441
G15K,-4.787149906158447
G15L,-5.895042896270752
G15M,-6.1217827796936035
G15N,-3.6741726398468018
G15P,-5.8756632804870605
G15Q,-4.389146327972412
G15R,-4.757177829742432
G15S,-3.884399175643921
G15T,-4.807514190673828
G15V,-5.844059467315674
G15W,-6.355474472045898
G15Y,-6.019947528839111
K16A,-3.0309791564941406
K16C,-3.6221296787261963
K16D,-3.5336761474609375
K16E,-3.186079263687134
K16F,-3.9989538192749023
K16G,-3.714031934738159
K16H,-3.1487250328063965
K16I,-3.286224365234375
K16L,-2.990781784057617
K16M,-3.3167715072631836
K16N,-3.085465908050537
K16P,-4.687747478485107
K16Q,-2.826317548751831
K16R,-1.6781225204467773
K16S,-2.972243547439575
K16T,-3.0813233852386475
K16V,-3.1526918411254883
K16W,-4.62725305557251
K16Y,-4.043588161468506
T17A,-1.2321137189865112
T17C,-2.2423043251037598
T17D,-2.1538195610046387
T17E,-2.266594648361206
T17F,-3.0831730365753174
T17G,-3.476001262664795
T17H,-2.394197463989258
T17I,-1.5651872158050537
T17K,-2.0789990425109863
T17L,-1.715413212776184
T17M,-1.99093496799469
T17N,-1.9529424905776978
T17P,-2.083752155303955
T17Q,-2.129945993423462
T17R,-2.379222869873047
T17S,-1.0830186605453491
T17V,-1.6274476051330566
T17W,-3.7478725910186768
T17Y,-3.1319966316223145
Y18A,-5.415244102478027
Y18C,-5.144824028015137
Y18D,-5.863224983215332
Y18E,-6.0239644050598145
Y18F,-2.3817217350006104
Y18G,-6.351423263549805
Y18H,-5.310056686401367
Y18I,-4.802245616912842
Y18K,-6.474640846252441
Y18L,-4.448019027709961
Y18M,-5.065794944763184
Y18N,-5.872157096862793
Y18P,-6.7027201652526855
Y18Q,-5.991105079650879
Y18R,-6.278626441955566
Y18S,-5.33667516708374
Y18T,-5.547110557556152
Y18V,-4.776912212371826
Y18W,-3.5339109897613525
Y19A,-5.146448135375977
Y19C,-4.926009654998779
Y19D,-5.560810565948486
Y19E,-5.729437351226807
Y19F,-3.0410571098327637
Y19G,-5.99908971786499
Y19H,-5.137662887573242
Y19I,-5.374844074249268
Y19K,-6.314502716064453
Y19L,-5.008382797241211
Y19M,-5.618838787078857
Y19N,-5.690286636352539
Y19P,-6.5037522315979
Y19Q,-5.830880165100098
Y19R,-6.124588966369629
Y19S,-5.108526706695557
Y19T,-5.356439590454102
Y19V,-5.183162212371826
Y19W,-3.8888633251190186
Y20A,-4.1015143394470215
Y20C,-3.770273208618164
Y20D,-4.634755611419678
Y20E,-4.475591659545898
Y20F,-1.178916335105896
Y20G,-5.567665100097656
Y20H,-3.443453311920166
Y20I,-3.7224791049957275
Y20K,-4.623369216918945
Y20L,-3.374443292617798
Y20M,-3.9865641593933105
Y20N,-4.455752849578857
Y20P,-6.221231460571289
Y20Q,-4.283905982971191
Y20R,-4.326442241668701
Y20S,-3.9858791828155518
Y20T,-4.160720348358154
Y20V,-3.6435370445251465
Y20W,-2.5047500133514404
N21A,-4.065619945526123
N21C,-4.079773902893066
N21D,-2.0997912883758545
N21E,-2.8213772773742676
N21F,-5.842841625213623
N21G,-4.719577312469482
N21H,-2.419022560119629
N21I,-5.318359375
N21K,-3.8187270164489746
N21L,-5.239288806915283
N21M,-5.5310893058776855
N21P,-6.083116054534912
N21Q,-2.863048791885376
N21R,-3.964064121246338
N21S,-3.0018882751464844
N21T,-3.9083473682403564
N21V,-5.345118999481201
N21W,-5.962700366973877
N21Y,-5.389432907104492
N22A,-1.3031879663467407
N22C,-1.9525238275527954
N22D,-1.3671014308929443
N22E,-1.5313928127288818
N22F,-2.533287763595581
N22G,-2.3670248985290527
N22H,-1.1192892789840698
N22I,-1.8589848279953003
N22K,-1.1768226623535156
N22L,-1.7914353609085083
N22M,-2.14902925491333
N22P,-2.607116937637329
N22Q,-1.234943151473999
N22R,-1.342472791671753
N22S,-0.7336477041244507
N22T,-1.1388137340545654
N22V,-1.885170340538025
N22W,-2.7797515392303467
N22Y,-2.40313720703125
R23A,-1.7669247388839722
R23C,-2.502824544906616
R23D,-2.387399435043335
R23E,-2.2025413513183594
R23F,-3.4398410320281982
R23G,-2.7676734924316406
R23H,-2.2246670722961426
R23I,-2.1790387630462646
R23K,-0.7332911491394043
R23L,-2.108461856842041
R23M,-2.457416534423828
R23N,-2.0652787685394287
R23P,-3.8104021549224854
R23Q,-1.752765417098999
R23S,-1.724901795387268
R23T,-1.724353551864624
R23V,-2.0555195808410645
R23W,-3.7721102237701416
R23Y,-3.5346977710723877
T24A,-2.388197183609009
T24C,-3.0718085765838623
T24D,-3.8654494285583496
T24E,-4.036317825317383
T24F,-5.029953479766846
T24G,-4.667237281799316
T24H,-4.145298480987549
T24I,-4.051424026489258
T24K,-3.6254124641418457
T24L,-4.025928497314453
T24M,-4.204222202301025
T24N,-3.446986198425293
T24P,-4.491318702697754
T24Q,-3.9206106662750244
T24R,-3.723083734512329
T24S,-1.6597414016723633
T24V,-4.093243598937988
T24W,-5.157255172729492
T24Y,-4.832348823547363
L25A,-1.8321266174316406
L25C,-2.1400320529937744
L25D,-1.3134331703186035
L25E,-0.9739883542060852
L25F,-2.3811511993408203
L25G,-0.5692252516746521
L25H,-1.311531662940979
L25I,-2.50710129737854
L25K,-0.21390719711780548
L25M,-1.889776349067688
L25N,-1.236934781074524
L25P,-3.418041706085205
L25Q,-0.8546539545059204
L25R,-0.13298186659812927
L25S,-1.7469875812530518
L25T,-2.0886294841766357
L25V,-2.2052624225616455
L25W,-2.7455508708953857
L25Y,-2.6183221340179443
E26A,-2.5072457790374756
E26C,-3.5365893840789795
E26D,-1.5391435623168945
E26F,-4.420941352844238
E26G,-3.7943403720855713
E26H,-2.4380249977111816
E26I,-3.197425127029419
E26K,-2.1496472358703613
E26L,-3.1587424278259277
E26M,-3.2981719970703125
E26N,-2.3205132484436035
E26P,-4.545793056488037
E26Q,-1.402177095413208
E26R,-2.533564567565918
E26S,-2.819918394088745
E26T,-2.711313247680664
E26V,-2.9083147048950195
E26W,-4.5529022216796875
E26Y,-4.439752578735352
S27A,-1.6846619844436646
S27C,-2.2473158836364746
S27D,-4.3401899337768555
S27E,-4.311913013458252
S27F,-4.389504909515381
S27G,-4.360110759735107
S27H,-4.2895965576171875
S27I,-4.037386894226074
S27K,-4.200660228729248
S27L,-3.904982566833496
S27M,-4.194279193878174
S27N,-3.6803700923919678
S27P,-4.1130218505859375
S27Q,-4.242837905883789
S27R,-4.205814361572266
S27T,-1.3307673931121826
S27V,-3.943415641784668
S27W,-4.524631977081299
S27Y,-4.100858211517334
T28A,-1.734727382659912
T28C,-2.4765820503234863
T28D,-3.8335936069488525
T28E,-3.6768651008605957
T28F,-4.129794120788574
T28G,-4.500416278839111
T28H,-3.6540653705596924
T28I,-2.5388152599334717
T28K,-3.0088796615600586
T28L,-2.9120020866394043
T28M,-2.933241605758667
T28N,-3.3415377140045166
T28P,-4.3366618156433105
T28Q,-3.398395299911499
T28R,-3.0643086433410645
T28S,-1.6646413803100586
T28V,-2.568901538848877
T28W,-4.615930080413818
T28Y,-4.192569732666016
W29A,-4.97728157043457
W29C,-5.096758842468262
W29D,-5.221497058868408
W29E,-5.31043815612793
W29F,-2.9572060108184814
W29G,-5.480997085571289
W29H,-5.1115875244140625
W29I,-5.277215003967285
W29K,-5.7228169441223145
W29L,-4.697141647338867
W29M,-5.146450996398926
W29N,-5.248343467712402
W29P,-5.564498424530029
W29Q,-5.203299522399902
W29R,-5.305859088897705
W29S,-4.713148593902588
W29T,-4.8967766761779785
W29V,-5.078405857086182
W29Y,-2.9721224308013916
E30A,-2.678133726119995
E30C,-3.9439711570739746
E30D,-0.9309073090553284
E30F,-4.416515827178955
E30G,-3.749279737472534
E30H,-2.354194402694702
E30I,-3.3880956172943115
E30K,-3.315964698791504
E30L,-3.354710578918457
E30M,-3.5029354095458984
E30N,-1.9408880472183228
E30P,-4.411448955535889
E30Q,-1.6955714225769043
E30R,-4.031548500061035
E30S,-2.7175631523132324
E30T,-2.6479766368865967
E30V,-3.2048280239105225
E30W,-4.8096513748168945
E30Y,-4.358802795410156
K31A,-3.2857604026794434
K31C,-4.050304889678955
K31D,-3.915095329284668
K31E,-3.4410507678985596
K31F,-4.889791965484619
K31G,-5.038234233856201
K31H,-4.063912391662598
K31I,-2.7325758934020996
K31L,-2.8778610229492188
K31M,-3.02628755569458
K31N,-3.7910964488983154
K31P,-3.862234115600586
K31Q,-3.2391409873962402
K31R,-2.1683149337768555
K31S,-3.5445868968963623
K31T,-3.172689437866211
K31V,-2.653311252593994
K31W,-5.288815021514893
K31Y,-5.041645050048828
P32A,-4.490128517150879
P32C,-5.256649017333984
P32D,-5.370985507965088
P32E,-5.378450870513916
P32F,-6.367379188537598
P32G,-5.727072715759277
P32H,-5.6700615882873535
P32I,-5.612617015838623
P32K,-5.647007465362549
P32L,-5.107136249542236
P32M,-5.889082431793213
P32N,-5.653295516967773
P32Q,-5.5519208908081055
P32R,-5.614434719085693
P32S,-4.1913299560546875
P32T,-4.643248558044434
P32V,-5.408429145812988
P32W,-6.409970760345459
P32Y,-6.464400768280029
Q33A,-1.5114182233810425
Q33C,-2.950467109680176
Q33D,-1.0358302593231201
Q33E,-0.6680370569229126
Q33F,-3.1909701824188232
Q33G,-2.484388589859009
Q33H,-1.5863279104232788
Q33I,-2.262477159500122
Q33K,-1.7296597957611084
Q33L,-1.759331226348877
Q33M,-2.4314217567443848
Q33N,-1.5173991918563843
Q33P,-1.0034691095352173
Q33R,-2.1079747676849365
Q33S,-1.6723943948745728
Q33T,-1.6744378805160522
Q33V,-1.9251350164413452
Q33W,-3.5205419063568115
Q33Y,-3.3194968700408936
E34A,-2.7916040420532227
E34C,-3.799241065979004
E34D,-1.3702161312103271
E34F,-4.80266809463501
E34G,-3.6496565341949463
E34H,-2.8232216835021973
E34I,-4.144672393798828
E34K,-3.8118081092834473
E34L,-3.9948391914367676
E34M,-4.2687554359436035
E34N,-2.3652830123901367
E34P,-4.274543285369873
E34Q,-2.1110119819641113
E34R,-4.345844745635986
E34S,-3.0046746730804443
E34T,-3.2259533405303955
E34V,-3.6872942447662354
E34W,-5.221558094024658
E34Y,-4.768000602722168
L35A,-3.966768741607666
L35C,-4.249742031097412
L35D,-4.691966533660889
L35E,-4.699453353881836
L35F,-3.2359583377838135
L35G,-4.860139846801758
L35H,-4.67594051361084
L35I,-2.1977896690368652
L35K,-4.757763385772705
L35M,-2.06421160697937
L35N,-4.6838531494140625
L35P,-4.957729339599609
L35Q,-4.499961853027344
L35R,-4.779332637786865
L35S,-4.1189351081848145
L35T,-4.042453289031982
L35V,-2.2611396312713623
L35W,-4.138624668121338
L35Y,-3.775130033493042
K36A,-2.177673816680908
K36C,-2.8275680541992188
K36D,-2.3636577129364014
K36E,-1.9634424448013306
K36F,-3.6657745838165283
K36G,-2.820995807647705
K36H,-2.665733575820923
K36I,-2.9714601039886475
K36L,-2.80393123626709
K36M,-2.959399938583374
K36N,-2.1871607303619385
K36P,-3.5885205268859863
K36Q,-1.8877718448638916
K36R,-1.3057421445846558
K36S,-2.2018632888793945
K36T,-2.1395461559295654
K36V,-2.754127264022827
K36W,-3.829946279525757
K36Y,-3.651791572570801
